{"left": {"init_pos": [526.5408469935875, 48.295007890338525, -23.561191432800413, 141.77321453833218, 2.19147090862086, 174.4851836717499]}, "right": {"init_pos": [584.0874518275408, -139.67367198894397, -180.61186631848585, 122.67863975546173, 4.962737778890541, 172.3391684353093]}, "kin_params": {"vel": 0.2, "acc": 0.2, "jerk": 0.2}, "joint_angs": {"j1": 0, "j2": 50, "j3": 0, "j4": -50, "j5": 0, "j6": 82, "j7": 45}, "XYZABC": {"x": 600, "y": 0, "z": 0, "a": 135, "b": 5, "c": -179}, "compliant": {"xy": 1, "z": 80, "abc": 1}, "locomotion": {"gait_spd": 91.0, "step_h": 140.0, "blend": 1.0, "dx": 119.0, "dy": 20, "dz": 100}, "imp_params": {"xy": 1381, "z": 2000, "abc": 289, "damp": 0.5}, "P1": {"init_sw_midLow": [144.88896795182995, 4.714946845700086, -170.4025584684335], "init_sw_mid": [146.93072869023678, 7.527167628374767, -160.31901380242041], "init_sw_midUp": [155.16463126948267, -9.376088644279397, -170.57603242146945], "init_sw_end": [160.2440756432897, -26.26320577983096, 175.80070441580202], "st_midUp": [153.23002607791787, -15.733712170897425, -178.49229962111482], "st_mid": [145.82318687223258, 2.6811440568520597, -178.41304881888323], "st_midLow": [146.81355787379837, 18.13946031198982, -168.58877714254425], "st_end": [145.40302176839418, 34.482172630125575, -161.39145503616035], "sw_midLow": [143.20314491722658, 33.33710344312388, -143.58306327074058], "sw_mid": [140.9334500445636, 15.892318187438212, -153.7115332947024], "sw_midUp": [148.32502825812136, 0.3833826953086583, -175.14451168264884]}, "P5": {"init_sw_midLow": [144.69110042340176, 6.389703182476301, -172.55704042998627], "init_sw_mid": [143.31430813694277, 11.607639407685923, -173.66955484640022], "init_sw_midUp": [141.0549523790907, 5.598822013304376, -179.2205233824454], "init_sw_end": [145.42422357286068, -0.22018377063611672, 174.31719220122116], "st_midUp": [146.6831031260084, -2.1973780288346387, 172.74703876836654], "st_mid": [151.79356786589847, -0.7970214450296274, 177.88940245282078], "st_midLow": [144.39840477274225, 6.09767288219328, -179.73942274329667], "st_end": [141.6741597638588, 4.680017789517694, 176.34301334753803], "sw_midLow": [139.02769785082927, 10.25869931327617, -176.0530321664448], "sw_mid": [144.67259883310925, 6.512193408603283, -176.1479338579444], "sw_midUp": [138.05482818339286, 9.381330143956935, -179.36840681441606]}, "P2": {"init_sw_midLow": [150.43419872421805, 8.497361705117688, -162.43766037580465], "init_sw_mid": [147.68532605763158, 8.501126387654766, -162.13529384240508], "init_sw_midUp": [145.2851242285916, -2.070679846909258, -177.60602516056233], "init_sw_end": [146.8092629801614, -13.870945143420217, 163.5697890657457], "st_midUp": [148.7199003341271, -10.436208066047813, 173.87346374882017], "st_mid": [148.12020415135308, -5.286249118220017, 178.78169899295472], "st_midLow": [149.420580378699, 6.088567642356849, -169.45974627096157], "st_end": [152.4973021572263, 12.110732728442798, -160.96211844931122], "sw_midLow": [155.6544457718871, 21.24203764495021, -144.59364898113296], "sw_mid": [150.907145074737, 16.51086320594638, -152.45027822034504], "sw_midUp": [145.94732877579472, -1.8053367721240026, -173.88439688777194]}, "P3": {"init_sw_midLow": [154.7075590707682, 25.963546763114888, -148.3536859496998], "init_sw_mid": [150.58203450022538, 27.388528806202753, -159.20450854277675], "init_sw_midUp": [136.07060983308605, 14.223912793465237, 179.94459525199468], "init_sw_end": [130.20009445312013, 5.143395326543561, 157.98241745441783], "st_midUp": [139.57437066903603, 3.306310980535327, 174.52586225615224], "st_mid": [142.11351970675818, 4.693890781698165, -175.07228749740224], "st_midLow": [152.2543736687301, 6.905235812628955, -158.8490058072597], "st_end": [158.69053024456892, 8.35993962459441, -146.99415096223436], "sw_midLow": [162.6605512552499, 16.63813376448622, -152.7179359775293], "sw_mid": [154.36360616744284, 22.55768897330728, -157.80872406063588], "sw_midUp": [142.9910545486404, 7.291370856349921, -177.46840230502292]}}